{
  "project_info": {
    "project_number": "547892876488",
    "project_id": "vacationplanner-69831",
    "storage_bucket": "vacationplanner-69831.firebasestorage.app"
  },
  "client": [
    {
      "client_info": {
        "mobilesdk_app_id": "1:547892876488:android:115e689c2f1f34ecbf41fd",
        "android_client_info": {
          "package_name": "com.example.vacationplanner"
        }
      },
      "oauth_client": [],
      "api_key": [
        {
          "current_key": "AIzaSyAqeUTmW2uiR0gFUdQ_HfcBbxodj32qxlM"
        }
      ],
      "services": {
        "appinvite_service": {
          "other_platform_oauth_client": []
        }
      }
    }
  ],
  "configuration_version": "1"
}